,activity_year,derived_msa-md,state_code,county_code,conforming_loan_limit,derived_loan_product_type,derived_dwelling_category,derived_ethnicity,derived_race,derived_sex,action_taken,purchaser_type,preapproval,loan_type,loan_purpose,lien_status,reverse_mortgage,open-end_line_of_credit,business_or_commercial_purpose,loan_amount,loan_to_value_ratio,hoepa_status,negative_amortization,interest_only_payment,balloon_payment,other_nonamortizing_features,construction_method,occupancy_type,manufactured_home_secured_property_type,manufactured_home_land_property_interest,applicant_credit_score_type,co-applicant_credit_score_type,applicant_ethnicity-1,co-applicant_ethnicity-1,applicant_ethnicity_observed,co-applicant_ethnicity_observed,applicant_race-1,co-applicant_race-1,applicant_race_observed,co-applicant_race_observed,applicant_sex,co-applicant_sex,applicant_sex_observed,co-applicant_sex_observed,submission_of_application,initially_payable_to_institution,aus-1,denial_reason-1,tract_population,tract_minority_population_percent,ffiec_msa_md_median_family_income,tract_to_msa_income_percentage,tract_owner_occupied_units,tract_one_to_four_family_homes,tract_median_age_of_housing_units
0,0.0,0.27987155653202633,0.0,0.1071428571428612,0.0,0.0,0.0,0.0,0.5,0.0,0.0,0.1267605633802817,1.0,0.0,1.0,0.0,0.0,0.0,0.0,0.12429378531073447,0.3076923076923077,0.0,0.0,0.0,0.0,0.0,0.0,0.0,0.0,0.0,1.0,1.0,0.0,1.0,1.0,1.0,0.9999999999999999,1.0,1.0,1.0,1.0,1.0,1.0,1.0,0.0,0.0,1.0000000000000002,1.0,0.16555478874319454,0.6704545454545454,0.6073926073926075,0.2958199356913183,0.2703133297928837,0.2298603651987111,0.42105263157894735
1,0.0,0.3994817193397555,0.0,0.8392857142857153,0.0,0.0,0.0,0.0,0.5,0.0,0.0,0.0,0.0,0.0,0.0,0.0,0.0,0.0,0.0,0.05084745762711865,0.27472527472527475,0.0,0.0,0.0,0.0,0.0,0.0,0.0,0.0,0.0,0.75,1.0,0.0,1.0,1.0,1.0,0.9999999999999999,1.0,1.0,1.0,1.0,1.0,1.0,1.0,0.0,0.0,0.0,1.0,0.5459704010428648,0.3068181818181818,0.34765234765234765,0.1607717041800643,0.7044609665427509,0.8638023630504833,0.19736842105263158
2,0.0,0.27987155653202633,0.0,0.1071428571428612,0.0,0.0,0.0,0.5,0.5,0.0,0.0,0.0,1.0,0.0,1.0,0.0,0.0,0.0,0.0,0.03954802259887005,0.17582417582417584,0.0,0.0,0.0,0.0,0.0,0.0,0.0,0.0,0.0,0.75,1.0,1.0,1.0,1.0,1.0,0.9999999999999999,1.0,1.0,1.0,1.0,1.0,1.0,1.0,0.0,0.0,0.0,1.0,0.3881604171459243,0.3181818181818182,0.6073926073926075,0.2379421221864952,0.3693574083908656,0.38023630504833517,0.5263157894736842
3,0.0,0.27987155653202633,0.0,0.1071428571428612,0.0,0.0,0.0,0.5,0.5,1.0,0.0,0.0,1.0,0.0,1.0,0.0,0.0,0.0,0.0,0.1864406779661017,0.17582417582417584,0.0,0.0,0.0,0.0,0.0,0.0,0.0,0.0,0.0,0.75,0.6666666666666665,1.0,0.25,1.0,0.0,0.9999999999999999,0.49999999999999994,1.0,0.0,0.0,0.25,1.0,0.0,0.0,0.0,0.0,1.0,0.2464534928303044,0.6477272727272727,0.6073926073926075,0.36012861736334406,0.3388210302708444,0.30655209452201937,0.3684210526315789
4,0.0,0.27987155653202633,0.0,0.1071428571428612,0.0,0.0,0.0,0.5,0.5,1.0,0.0,0.0,1.0,0.0,1.0,0.0,0.0,0.0,0.0,0.09604519774011298,0.34065934065934067,0.0,0.0,0.0,0.0,0.0,0.0,0.0,0.0,0.0,0.75,0.6666666666666665,1.0,0.25,0.0,0.0,0.9999999999999999,0.49999999999999994,0.0,0.0,0.0,0.25,0.0,0.0,0.0,0.0,0.0,1.0,0.2616363775784065,0.4659090909090909,0.6073926073926075,0.1189710610932476,0.14657461497610194,0.23286788399570355,0.48684210526315785
5,0.0,0.27987155653202633,0.0,0.1071428571428612,0.0,0.0,0.0,0.5,0.5,0.0,1.0,0.0,1.0,0.0,1.0,0.0,0.0,0.0,0.0,0.13559322033898302,0.6153846153846155,1.0,0.0,0.0,0.0,0.0,0.0,0.0,0.0,0.0,0.75,1.0,1.0,1.0,1.0,1.0,0.9999999999999999,1.0,1.0,1.0,1.0,1.0,1.0,1.0,0.0,0.0,0.0,1.0,0.1574265777164328,0.8068181818181819,0.6073926073926075,0.1832797427652733,0.185077004779607,0.15037593984962408,0.0
6,0.0,0.27987155653202633,0.0,0.1071428571428612,0.0,0.0,0.0,0.5,0.5,1.0,0.0,0.0,1.0,0.0,1.0,0.0,0.0,0.0,0.0,0.3050847457627119,0.3076923076923077,0.0,0.0,0.0,0.0,0.0,0.0,0.0,0.0,0.0,0.75,0.6666666666666665,1.0,0.25,0.0,0.0,0.9999999999999999,0.49999999999999994,0.0,0.0,0.0,0.25,1.0,0.0,0.0,0.0,0.0,1.0,0.2464534928303044,0.6477272727272727,0.6073926073926075,0.36012861736334406,0.3388210302708444,0.30655209452201937,0.3684210526315789
7,0.0,0.27987155653202633,0.0,0.1071428571428612,0.0,0.0,0.0,0.5,0.5,1.0,0.0,0.0,1.0,0.0,1.0,0.0,0.0,0.0,0.0,0.22033898305084743,0.5384615384615385,0.0,0.0,0.0,0.0,0.0,0.0,0.0,0.0,0.0,0.75,0.6666666666666665,1.0,0.25,1.0,0.0,0.9999999999999999,0.49999999999999994,1.0,0.0,0.0,0.25,1.0,0.0,0.0,0.0,0.0,1.0,0.33433018940265313,0.3181818181818182,0.6073926073926075,0.2282958199356913,0.3571428571428571,0.35359828141783034,0.39473684210526316
8,0.0,0.27987155653202633,0.0,0.1071428571428612,0.0,1.0,0.0,0.5,0.5,1.0,0.0,0.0,1.0,0.0,0.03225806451612903,1.0,0.0,0.0,0.0,0.03954802259887005,0.09890109890109891,0.0,0.0,0.0,0.0,0.0,0.0,0.0,0.0,0.0,0.75,0.6666666666666665,1.0,0.25,1.0,0.0,0.9999999999999999,0.49999999999999994,1.0,0.0,1.0,0.0,1.0,0.0,0.0,0.0,0.0,1.0,0.08756997162794264,0.27272727272727276,0.6073926073926075,0.17363344051446944,0.10674455655868295,0.17185821697099893,0.8684210526315789
9,0.0,0.27987155653202633,0.0,0.1071428571428612,0.0,0.0,0.0,0.5,0.5,0.0,1.0,0.0,1.0,0.0,1.0,0.0,0.0,0.0,0.0,0.1864406779661017,0.4835164835164835,1.0,0.0,0.0,0.0,0.0,0.0,0.0,0.0,0.0,0.75,1.0,1.0,1.0,0.0,1.0,0.9999999999999999,1.0,0.0,1.0,1.0,1.0,0.0,1.0,0.0,0.0,0.0,0.0,0.453876236484932,0.3068181818181818,0.6073926073926075,0.16398713826366562,0.36802973977695164,0.49967776584317936,0.7236842105263157
10,0.0,0.27987155653202633,0.0,0.1071428571428612,0.0,0.0,0.0,0.5,0.5,1.0,0.0,0.0,1.0,0.0,1.0,0.0,0.0,0.0,0.0,0.12429378531073447,0.5714285714285715,0.0,0.0,0.0,0.0,0.0,0.0,0.0,0.0,0.0,0.75,0.6666666666666665,1.0,0.25,1.0,0.0,0.9999999999999999,0.49999999999999994,1.0,0.0,0.0,0.25,1.0,0.0,0.0,0.0,0.0,1.0,0.32359481634843956,0.7045454545454546,0.6073926073926075,0.10289389067524116,0.2132235793945831,0.2895810955961332,0.48684210526315785
11,0.0,0.27987155653202633,0.0,0.1071428571428612,0.0,0.0,0.0,0.5,0.5,0.0,1.0,0.0,1.0,0.0,1.0,0.0,0.0,0.0,0.0,0.1694915254237288,0.5934065934065935,1.0,0.0,0.0,0.0,0.0,0.0,0.0,0.0,0.0,0.75,1.0,1.0,1.0,1.0,1.0,0.9999999999999999,1.0,1.0,1.0,1.0,1.0,1.0,1.0,0.0,0.0,0.0,0.2222222222222222,0.1574265777164328,0.8068181818181819,0.6073926073926075,0.1832797427652733,0.185077004779607,0.15037593984962408,0.0
12,0.0,0.27987155653202633,0.0,0.1071428571428612,0.0,0.0,0.0,0.5,0.5,0.0,0.0,0.0,1.0,0.0,1.0,0.0,0.0,0.0,0.0,0.1807909604519774,0.4615384615384616,0.0,0.0,0.0,0.0,0.0,0.0,0.0,0.0,0.0,0.75,1.0,1.0,1.0,1.0,1.0,0.9999999999999999,1.0,1.0,1.0,1.0,1.0,1.0,1.0,0.0,0.0,0.0,1.0,0.16141400199371211,0.19318181818181818,0.6073926073926075,0.2797427652733119,0.30562931492299517,0.2595059076262084,0.5921052631578947
13,0.0,0.3994817193397555,0.0,0.8392857142857153,0.0,1.0,0.0,0.5,0.5,0.0,1.0,0.0,1.0,0.0,0.03225806451612903,1.0,0.0,0.0,0.0,0.011299435028248588,0.09890109890109891,1.0,0.0,0.0,0.0,0.0,0.0,0.0,0.0,0.0,0.75,1.0,1.0,1.0,1.0,1.0,0.9999999999999999,1.0,1.0,1.0,1.0,1.0,1.0,1.0,0.0,0.0,0.0,0.0,0.26478030825856913,0.8295454545454546,0.34765234765234765,0.20900321543408362,0.19118428040361127,0.20429645542427496,0.40789473684210525
14,0.0,0.3994817193397555,0.0,0.8392857142857153,0.0,0.0,0.0,1.0,0.5,1.0,1.0,0.0,1.0,0.0,1.0,0.0,0.0,0.0,0.0,0.12429378531073447,0.5164835164835165,1.0,0.0,0.0,0.0,0.0,0.0,0.0,0.0,0.0,0.75,0.6666666666666665,0.0,0.25,1.0,0.0,0.9999999999999999,0.49999999999999994,1.0,0.0,1.0,0.0,1.0,0.0,0.0,0.0,0.0,0.2222222222222222,0.2065792500575109,0.2272727272727273,0.34765234765234765,0.36977491961414793,0.3202336696760488,0.2947368421052632,0.5263157894736842
15,0.0,1.0,0.0,0.3928571428571459,0.0,0.0,0.0,0.5,0.5,1.0,0.0,0.0,1.0,0.0,0.03225806451612903,0.0,0.0,0.0,0.0,0.1807909604519774,0.2967032967032967,0.0,0.0,0.0,0.0,0.0,0.0,0.0,0.0,0.0,0.75,0.6666666666666665,1.0,0.25,1.0,0.0,0.9999999999999999,0.49999999999999994,1.0,0.0,1.0,0.0,1.0,0.0,0.0,0.0,0.0,1.0,0.26033279656468056,0.13636363636363638,0.13886113886113882,0.3183279742765273,0.3725438130642591,0.5604726100966703,0.48684210526315785
16,0.0,0.27987155653202633,0.0,0.0,0.0,0.0,0.0,0.5,1.0,1.0,0.0,0.0,1.0,0.0,0.03225806451612903,0.0,0.0,0.0,0.0,0.327683615819209,0.6483516483516485,0.0,0.0,0.0,0.0,0.0,0.0,0.0,0.0,0.0,0.75,0.6666666666666665,1.0,0.25,1.0,0.0,0.9999999999999999,0.16666666666666669,1.0,0.0,0.0,0.25,1.0,0.0,0.0,0.0,0.0,1.0,0.14883827927306184,0.6477272727272727,0.6073926073926075,0.17363344051446944,0.10647902283590016,0.1527389903329753,0.8684210526315789
17,0.0,1.0,0.0,0.5,0.0,0.0,0.0,0.5,0.5,1.0,0.0,0.0,1.0,0.0,0.967741935483871,0.0,0.0,0.0,0.0,0.12994350282485873,0.6263736263736265,0.0,0.0,0.0,0.0,0.0,0.0,0.0,0.0,0.0,0.75,0.6666666666666665,1.0,0.25,1.0,0.0,0.9999999999999999,0.49999999999999994,1.0,0.0,0.0,0.25,1.0,0.0,0.0,0.0,0.0,1.0,0.0803619354343992,0.0340909090909091,0.13886113886113882,0.4083601286173633,0.1372809346787042,0.7718582169709989,0.3157894736842105
18,0.0,0.27987155653202633,0.0,0.1071428571428612,0.0,0.0,0.0,0.5,0.5,0.5,0.0,0.0,1.0,0.0,0.967741935483871,0.0,0.0,0.0,0.0,0.07344632768361582,0.4065934065934066,0.0,0.0,0.0,0.0,0.0,0.0,0.0,0.0,0.0,0.75,1.0,1.0,1.0,1.0,1.0,0.9999999999999999,1.0,0.0,1.0,0.0,1.0,0.0,1.0,0.0,0.0,0.0,1.0,0.3583314163024307,0.5340909090909092,0.6073926073926075,0.12218649517684887,0.3011152416356877,0.323093447905478,0.3684210526315789
19,0.0,0.27987155653202633,0.0,0.1071428571428612,0.0,0.0,0.0,0.5,0.5,0.0,0.0,0.0,1.0,0.0,0.967741935483871,0.0,0.0,0.0,0.0,0.12994350282485873,0.26373626373626374,0.0,0.0,0.0,0.0,0.0,0.0,0.0,0.0,0.0,0.75,1.0,1.0,1.0,1.0,1.0,0.9999999999999999,1.0,1.0,1.0,1.0,1.0,1.0,1.0,0.0,0.0,0.0,1.0,0.10635687447281647,0.125,0.6073926073926075,0.3022508038585209,0.1882634094530005,0.1621911922663802,0.631578947368421
20,0.0,0.27987155653202633,0.0,0.1071428571428612,0.0,0.0,0.0,0.5,0.5,0.0,0.0,0.0,1.0,0.0,1.0,0.0,0.0,0.0,0.0,0.10169491525423728,0.39560439560439564,0.0,0.0,0.0,0.0,0.0,0.0,0.0,0.0,0.0,0.75,1.0,1.0,1.0,1.0,1.0,0.9999999999999999,1.0,1.0,1.0,1.0,1.0,1.0,1.0,0.0,0.0,0.0,1.0,0.21555095468138943,0.47727272727272724,0.6073926073926075,0.1382636655948553,0.19437068507700475,0.2356605800214823,0.39473684210526316
21,0.0,0.27987155653202633,0.0,0.1071428571428612,0.0,0.0,0.0,0.0,0.5,0.0,0.0,0.0,1.0,0.0,1.0,0.0,0.0,0.0,0.0,0.11299435028248588,0.5494505494505495,0.0,0.0,0.0,0.0,0.0,0.0,0.0,0.0,0.0,0.75,1.0,0.0,1.0,1.0,1.0,0.9999999999999999,1.0,1.0,1.0,1.0,1.0,1.0,1.0,0.0,0.0,0.0,1.0,0.16432788896557013,0.6022727272727273,0.6073926073926075,0.1414790996784566,0.11895910780669144,0.12996777658431793,0.7105263157894737
22,0.0,0.3994817193397555,0.0,0.8392857142857153,0.0,1.0,0.0,0.5,0.5,1.0,1.0,0.0,1.0,0.0,0.03225806451612903,1.0,0.0,0.0,0.0,0.011299435028248588,0.09890109890109891,1.0,0.0,0.0,0.0,0.0,0.0,0.0,0.0,0.0,0.75,0.6666666666666665,1.0,0.5,1.0,0.0,0.9999999999999999,0.6666666666666667,1.0,0.0,1.0,0.0,1.0,0.0,0.0,0.0,0.0,0.0,0.26478030825856913,0.8295454545454546,0.34765234765234765,0.20900321543408362,0.19118428040361127,0.20429645542427496,0.40789473684210525
23,0.0,0.33413328826544986,0.0,0.5892857142857153,0.0,0.0,0.0,0.5,0.5,0.5,1.0,0.0,1.0,0.0,1.0,0.0,0.0,0.0,0.0,0.13559322033898302,0.7692307692307694,1.0,0.0,0.0,0.0,0.0,0.0,0.0,0.0,0.0,0.75,1.0,1.0,1.0,0.0,1.0,0.9999999999999999,1.0,0.0,1.0,0.0,1.0,0.0,1.0,0.0,0.0,0.0,0.2222222222222222,0.36400582777394364,0.7386363636363638,0.3306693306693307,0.22186495176848875,0.2734997344662772,0.3475832438238453,0.22368421052631576
24,0.0,0.27987155653202633,0.0,0.1071428571428612,0.0,0.0,0.0,0.5,0.5,0.0,0.0,0.0,1.0,0.0,0.967741935483871,0.0,0.0,0.0,0.0,0.3898305084745763,0.3076923076923077,0.0,0.0,0.0,0.0,0.0,0.0,0.0,0.0,0.0,0.75,1.0,1.0,1.0,1.0,1.0,0.9999999999999999,1.0,1.0,1.0,1.0,1.0,1.0,1.0,0.0,0.0,0.0,1.0,0.08373590982286633,0.29545454545454547,0.6073926073926075,0.5080385852090032,0.10568242166755176,0.06723952738990333,0.5394736842105263
25,0.0,0.3994817193397555,0.0,0.8392857142857153,0.0,1.0,0.0,0.5,0.5,1.0,0.0,0.0,1.0,0.0,0.03225806451612903,1.0,0.0,0.0,0.0,0.005649717514124294,0.05494505494505495,0.0,0.0,0.0,0.0,0.0,0.0,0.0,0.0,0.0,0.75,0.6666666666666665,1.0,0.25,1.0,0.0,0.9999999999999999,0.49999999999999994,1.0,0.0,0.0,0.25,1.0,0.0,0.0,0.0,0.0,1.0,0.316233417682693,0.5795454545454546,0.34765234765234765,0.1414790996784566,0.1954328199681359,0.29946294307196564,0.48684210526315785
26,0.0,0.3994817193397555,0.0,0.8392857142857153,0.0,0.0,0.0,0.5,0.5,0.0,1.0,0.0,1.0,0.0,0.967741935483871,0.0,0.0,0.0,0.0,0.14124293785310732,0.7692307692307694,1.0,0.0,0.0,0.0,0.0,0.0,0.0,0.0,0.0,0.75,1.0,1.0,1.0,1.0,1.0,0.9999999999999999,1.0,1.0,1.0,1.0,1.0,1.0,1.0,0.0,0.0,0.0,0.3333333333333333,0.3550341231500651,0.8863636363636365,0.34765234765234765,0.2379421221864952,0.2636749867233138,0.29881847475832435,0.3289473684210526
27,0.0,0.27987155653202633,0.0,0.1071428571428612,0.0,0.0,0.0,0.5,0.5,1.0,0.0,0.0,1.0,0.0,0.03225806451612903,0.0,0.0,0.0,0.0,0.23728813559322032,0.6373626373626374,0.0,0.0,0.0,0.0,0.0,0.0,0.0,0.0,0.0,0.75,0.6666666666666665,1.0,0.25,1.0,0.0,0.9999999999999999,0.49999999999999994,1.0,0.0,0.0,0.25,1.0,0.0,0.0,0.0,0.0,1.0,0.16555478874319454,0.6704545454545454,0.6073926073926075,0.2958199356913183,0.2703133297928837,0.2298603651987111,0.42105263157894735
28,0.0,0.3994817193397555,0.0,0.8392857142857153,0.0,0.0,0.0,0.5,0.5,0.0,1.0,0.0,1.0,0.0,1.0,0.0,0.0,0.0,0.0,0.0,0.0,1.0,0.0,0.0,0.0,0.0,0.0,0.0,0.0,0.0,0.75,1.0,1.0,1.0,0.0,1.0,0.9999999999999999,1.0,0.0,1.0,1.0,1.0,0.0,1.0,0.0,0.0,0.0,1.0,0.18342151675485005,0.4318181818181818,0.34765234765234765,0.3536977491961415,0.20074349442379183,0.1664876476906552,0.48684210526315785
29,0.0,0.27987155653202633,0.0,0.1071428571428612,0.0,0.0,0.0,0.5,0.5,1.0,0.0,0.0,1.0,0.0,1.0,0.0,0.0,0.0,0.0,0.327683615819209,0.5164835164835165,0.0,0.0,0.0,0.0,0.0,0.0,0.0,0.0,0.0,0.75,0.6666666666666665,1.0,0.25,1.0,0.0,0.9999999999999999,0.49999999999999994,1.0,0.0,0.0,0.25,1.0,0.0,0.0,0.0,0.0,1.0,0.4147688060731538,0.20454545454545453,0.6073926073926075,0.3665594855305466,0.5045140732873075,0.5404940923737916,0.6184210526315789
30,0.0,0.27987155653202633,0.0,0.1071428571428612,0.0,0.0,0.0,0.5,0.5,0.5,1.0,0.0,1.0,0.0,1.0,0.0,0.0,0.0,0.0,0.3898305084745763,0.6593406593406594,1.0,0.0,0.0,0.0,0.0,0.0,0.0,0.0,0.0,0.75,1.0,1.0,1.0,1.0,1.0,0.9999999999999999,1.0,1.0,1.0,0.0,1.0,1.0,1.0,0.0,0.0,0.0,1.0,0.3881604171459243,0.3181818181818182,0.6073926073926075,0.2379421221864952,0.3693574083908656,0.38023630504833517,0.5263157894736842
31,0.0,0.3255703904005408,0.0,0.5714285714285694,0.0,0.0,0.0,0.5,0.5,0.0,0.0,0.0,1.0,0.0,1.0,0.0,0.0,0.0,0.0,0.06779661016949153,0.3626373626373627,0.0,0.0,0.0,0.0,0.0,0.0,0.0,0.0,0.0,0.75,1.0,1.0,1.0,1.0,1.0,0.9999999999999999,1.0,1.0,1.0,1.0,1.0,1.0,1.0,0.0,0.0,0.0,1.0,0.26700406410551336,0.18181818181818182,0.18781218781218778,0.3440514469453376,0.2973977695167286,0.4670247046186896,0.2763157894736842
32,0.0,0.27987155653202633,0.0,0.1071428571428612,0.0,0.0,0.0,0.5,0.5,1.0,0.0,0.0,1.0,0.0,0.03225806451612903,0.0,0.0,0.0,0.0,0.1751412429378531,0.7032967032967034,0.0,0.0,0.0,0.0,0.0,0.0,0.0,0.0,0.0,0.75,0.6666666666666665,1.0,0.25,1.0,0.0,0.9999999999999999,0.49999999999999994,1.0,0.0,0.0,0.25,1.0,0.0,0.0,0.0,0.0,1.0,0.43738977072310403,0.4431818181818182,0.6073926073926075,0.1414790996784566,0.3656399362719065,0.38990332975295383,0.5789473684210527
33,0.0,0.3994817193397555,0.0,0.8392857142857153,0.0,0.0,0.0,0.5,0.5,1.0,1.0,0.0,0.0,0.0,0.0,0.0,0.0,0.0,0.0,0.1638418079096045,0.6263736263736265,1.0,0.0,0.0,0.0,0.0,0.0,0.0,0.0,0.0,0.75,0.6666666666666665,1.0,0.25,1.0,0.0,0.9999999999999999,0.49999999999999994,1.0,0.0,0.0,0.25,1.0,0.0,0.0,0.0,0.0,1.0,0.3854765738823709,0.5113636363636365,0.34765234765234765,0.17684887459807075,0.3093467870419543,0.3394199785177229,0.47368421052631576
34,0.0,0.3994817193397555,0.0,0.8392857142857153,0.0,1.0,0.0,1.0,0.5,1.0,0.0,0.0,1.0,0.0,1.0,1.0,0.0,0.0,0.0,0.011299435028248588,0.06593406593406595,0.0,0.0,0.0,0.0,0.0,0.0,0.0,0.0,0.0,0.75,0.6666666666666665,1.0,0.0,1.0,0.0,0.9999999999999999,0.49999999999999994,1.0,0.0,1.0,0.0,1.0,0.0,0.0,0.0,0.0,1.0,0.13802622498274672,0.39772727272727276,0.34765234765234765,0.19614147909967844,0.14577801380775357,0.20708915145005372,0.5657894736842105
35,0.0,0.27987155653202633,0.0,0.1071428571428612,0.0,0.0,0.0,0.5,0.5,1.0,0.0,0.0,1.0,0.0,0.03225806451612903,0.0,0.0,0.0,0.0,0.3107344632768362,0.4615384615384616,0.0,0.0,0.0,0.0,0.0,0.0,0.0,0.0,0.0,0.75,0.6666666666666665,1.0,0.25,1.0,0.0,0.9999999999999999,0.49999999999999994,1.0,0.0,0.0,0.25,1.0,0.0,0.0,0.0,0.0,1.0,0.22682309638831374,0.13636363636363638,0.6073926073926075,0.3890675241157556,0.3550185873605948,0.30096670247046187,0.5263157894736842
36,0.0,0.3994817193397555,0.0,0.8392857142857153,0.0,0.0,0.0,0.5,0.5,0.0,1.0,0.0,1.0,0.0,1.0,0.0,0.0,0.0,0.0,0.07344632768361582,0.4395604395604396,1.0,0.0,0.0,0.0,0.0,0.0,0.0,0.0,0.0,0.75,1.0,1.0,1.0,1.0,1.0,0.9999999999999999,1.0,1.0,1.0,1.0,1.0,1.0,1.0,0.0,0.0,0.0,0.2222222222222222,0.2929223219078291,0.8636363636363638,0.34765234765234765,0.10932475884244372,0.05390334572490707,0.1602577873254565,0.6184210526315789
37,0.0,0.3994817193397555,0.0,0.8392857142857153,0.0,0.0,0.0,0.5,0.5,0.0,0.0,0.0,1.0,0.0,1.0,0.0,0.0,0.0,0.0,0.12994350282485873,0.6153846153846155,0.0,0.0,0.0,0.0,0.0,0.0,0.0,0.0,0.0,0.75,1.0,1.0,1.0,1.0,1.0,0.9999999999999999,1.0,1.0,1.0,1.0,1.0,1.0,1.0,0.0,0.0,0.0,1.0,0.1390997622881681,0.6136363636363638,0.34765234765234765,0.07717041800643087,0.09585767392458841,0.20923737916219118,0.75
38,0.0,0.33413328826544986,0.0,0.1428571428571459,0.0,0.0,0.0,0.5,0.5,1.0,0.0,0.0,0.0,0.0,0.0,0.0,0.0,0.0,0.0,0.06779661016949153,0.2967032967032967,0.0,0.0,0.0,0.0,0.0,0.0,0.0,0.0,0.0,0.75,0.6666666666666665,1.0,0.25,1.0,0.0,0.9999999999999999,0.49999999999999994,1.0,0.0,0.0,0.25,1.0,0.0,0.0,0.0,0.0,1.0,0.1687754006594586,0.10227272727272729,0.3306693306693307,0.4180064308681672,0.21003717472118957,0.1602577873254565,0.3684210526315789
39,0.0,0.27987155653202633,0.0,0.1071428571428612,0.0,0.0,0.0,0.5,0.5,1.0,0.0,0.0,1.0,0.0,1.0,0.0,0.0,0.0,0.0,0.0847457627118644,0.21978021978021978,0.0,0.0,0.0,0.0,0.0,0.0,0.0,0.0,0.0,0.75,0.6666666666666665,1.0,0.25,1.0,0.0,0.9999999999999999,0.49999999999999994,1.0,0.0,1.0,0.0,1.0,0.0,0.0,0.0,0.0,1.0,0.27781611839582854,0.2272727272727273,0.6073926073926075,0.5337620578778135,0.3621879978757302,0.28829215896885074,0.6052631578947368
40,0.0,0.27987155653202633,0.0,0.1071428571428612,0.0,0.0,0.0,0.5,0.5,1.0,1.0,0.0,1.0,0.0,0.967741935483871,0.0,0.0,0.0,0.0,0.1638418079096045,0.4615384615384616,1.0,0.0,0.0,0.0,0.0,0.0,0.0,0.0,0.0,0.75,0.6666666666666665,1.0,0.25,1.0,0.0,0.9999999999999999,0.49999999999999994,1.0,0.0,0.0,0.25,1.0,0.0,0.0,0.0,0.0,1.0,0.11594202898550723,0.375,0.6073926073926075,0.2282958199356913,0.17950079660116833,0.13168635875402793,0.5
41,0.0,0.3994817193397555,0.0,0.8392857142857153,0.0,0.0,0.0,0.5,0.0,0.0,1.0,0.0,1.0,0.0,1.0,0.0,0.0,0.0,0.0,0.22033898305084743,0.9340659340659342,1.0,0.0,0.0,0.0,0.0,0.0,0.0,0.0,0.0,0.75,1.0,1.0,1.0,0.0,1.0,0.33333333333333337,1.0,0.0,1.0,1.0,1.0,0.0,1.0,0.0,0.0,0.0,0.3333333333333333,0.07760141093474426,0.7954545454545454,0.34765234765234765,0.03858520900321544,0.013807753584705248,0.07690655209452202,0.6052631578947368
42,0.0,0.27987155653202633,0.0,0.0,0.0,0.0,0.0,1.0,0.5,1.0,0.0,0.0,1.0,0.0,1.0,0.0,0.0,0.0,0.0,0.12994350282485873,0.37362637362637363,0.0,0.0,0.0,0.0,0.0,0.0,0.0,0.0,0.0,0.75,0.6666666666666665,0.0,0.25,1.0,0.0,0.9999999999999999,0.49999999999999994,1.0,0.0,0.0,0.25,1.0,0.0,0.0,0.0,0.0,1.0,0.2219154972778161,0.9545454545454546,0.6073926073926075,0.09324758842443731,0.143919277748274,0.19613319011815253,0.8421052631578947
43,0.0,0.27987155653202633,0.0,0.1071428571428612,0.0,0.0,0.0,0.5,0.5,0.0,0.0,0.0,1.0,0.0,1.0,0.0,0.0,0.0,0.0,0.09604519774011298,0.4835164835164835,0.0,0.0,0.0,0.0,0.0,0.0,0.0,0.0,0.0,0.75,1.0,1.0,1.0,1.0,1.0,0.9999999999999999,1.0,1.0,1.0,1.0,1.0,1.0,1.0,0.0,0.0,0.0,1.0,0.37696495667510155,0.7954545454545454,0.6073926073926075,0.24115755627009644,0.2012745618693574,0.3112781954887218,0.22368421052631576
44,0.0,0.3994817193397555,0.0,0.8392857142857153,0.0,0.0,0.0,0.5,0.5,0.0,1.0,0.0,1.0,0.0,1.0,0.0,0.0,0.0,0.0,0.2542372881355932,0.9560439560439561,1.0,0.0,0.0,0.0,0.0,0.0,0.0,0.0,0.0,0.75,1.0,1.0,1.0,1.0,1.0,0.9999999999999999,1.0,1.0,1.0,1.0,1.0,1.0,1.0,0.0,0.0,0.0,0.0,0.1188559159573652,0.6818181818181819,0.34765234765234765,0.3247588424437299,0.20738183749336161,0.1731471535982814,0.35526315789473684
45,0.0,0.27987155653202633,0.0,0.1071428571428612,0.0,0.0,0.0,0.0,0.5,0.5,0.0,0.0,1.0,0.0,0.03225806451612903,0.0,0.0,0.0,0.0,0.23728813559322032,0.7582417582417583,0.0,0.0,0.0,0.0,0.0,0.0,0.0,0.0,0.0,0.75,1.0,0.0,1.0,1.0,1.0,0.9999999999999999,1.0,1.0,1.0,0.0,1.0,1.0,1.0,0.0,0.0,0.0,1.0,0.33080285254198294,0.6022727272727273,0.6073926073926075,0.14469453376205788,0.33404142326075414,0.3402792696025779,0.35526315789473684
46,0.0,0.27987155653202633,0.0,0.1071428571428612,0.0,0.0,0.0,0.5,0.5,1.0,0.0,0.0,1.0,0.0,0.03225806451612903,0.0,0.0,0.0,0.0,0.13559322033898302,0.6593406593406594,0.0,0.0,0.0,0.0,0.0,0.0,0.0,0.0,0.0,0.75,0.6666666666666665,1.0,0.25,1.0,0.0,0.9999999999999999,0.49999999999999994,1.0,0.0,0.0,0.25,1.0,0.0,0.0,0.0,0.0,1.0,0.16432788896557013,0.6022727272727273,0.6073926073926075,0.1414790996784566,0.11895910780669144,0.12996777658431793,0.7105263157894737
47,0.0,0.27987155653202633,0.0,0.1071428571428612,1.0,0.0,0.0,0.5,0.5,1.0,1.0,0.0,1.0,0.0,1.0,0.0,0.0,0.0,0.0,0.5480225988700564,0.8351648351648353,1.0,0.0,0.0,0.0,0.0,0.0,0.0,0.0,0.0,0.75,0.6666666666666665,1.0,0.25,1.0,0.0,0.9999999999999999,0.49999999999999994,1.0,0.0,1.0,0.0,1.0,0.0,0.0,0.0,0.0,0.3333333333333333,0.3278889655701249,0.21590909090909094,0.6073926073926075,0.48231511254019294,0.45512480084970786,0.3901181525241676,0.5394736842105263
48,0.0,0.27987155653202633,0.0,0.1071428571428612,0.0,0.0,0.0,0.5,0.5,0.5,0.0,0.0,1.0,0.0,1.0,0.0,0.0,0.0,0.0,0.011299435028248588,0.17582417582417584,0.0,0.0,0.0,0.0,0.0,0.0,0.0,0.0,0.0,0.75,1.0,1.0,1.0,1.0,1.0,0.9999999999999999,1.0,1.0,1.0,0.0,1.0,1.0,1.0,0.0,0.0,0.0,1.0,0.21171689287631315,0.7159090909090908,0.6073926073926075,0.15112540192926044,0.186404673393521,0.2180451127819549,0.5789473684210527
49,0.0,0.27987155653202633,0.0,0.1071428571428612,0.0,0.0,0.0,0.5,0.5,0.0,0.0,0.0,1.0,0.0,1.0,0.0,0.0,0.0,0.0,0.05084745762711865,0.25274725274725274,0.0,0.0,0.0,0.0,0.0,0.0,0.0,0.0,0.0,0.75,1.0,1.0,1.0,1.0,1.0,0.9999999999999999,1.0,1.0,1.0,1.0,1.0,1.0,1.0,0.0,0.0,0.0,1.0,0.4225902921555095,0.5113636363636365,0.6073926073926075,0.07073954983922831,0.4070631970260222,0.4607948442534908,0.5789473684210527
50,0.0,0.27987155653202633,0.0,0.1071428571428612,0.0,0.0,0.0,0.5,0.5,0.0,0.0,0.0,1.0,0.0,1.0,0.0,0.0,0.0,0.0,0.0847457627118644,0.45054945054945056,0.0,0.0,0.0,0.0,0.0,0.0,0.0,0.0,0.0,0.75,1.0,1.0,1.0,1.0,1.0,0.9999999999999999,1.0,1.0,1.0,1.0,1.0,1.0,1.0,0.0,0.0,0.0,1.0,0.2616363775784065,0.4659090909090909,0.6073926073926075,0.1189710610932476,0.14657461497610194,0.23286788399570355,0.48684210526315785
51,0.0,0.27987155653202633,0.0,0.1071428571428612,0.0,0.0,0.0,0.5,0.5,1.0,0.0,0.0,1.0,0.0,0.03225806451612903,0.0,0.0,0.0,0.0,0.2033898305084746,0.7032967032967034,0.0,0.0,0.0,0.0,0.0,0.0,0.0,0.0,0.0,0.75,0.6666666666666665,1.0,0.25,1.0,0.0,0.9999999999999999,0.49999999999999994,1.0,0.0,0.0,0.25,1.0,0.0,0.0,0.0,0.0,1.0,0.44298750095851536,0.625,0.6073926073926075,0.24437299035369775,0.40732873074880505,0.3460794844253491,0.3026315789473684
52,0.0,0.27987155653202633,0.0,0.1071428571428612,0.0,0.0,0.0,0.5,0.5,1.0,0.0,0.0,1.0,0.0,1.0,0.0,0.0,0.0,0.0,0.011299435028248588,0.010989010989010992,0.0,0.0,0.0,0.0,0.0,0.0,0.0,0.0,0.0,0.75,0.6666666666666665,1.0,0.25,1.0,0.0,0.9999999999999999,0.49999999999999994,1.0,0.0,1.0,0.0,1.0,0.0,0.0,0.0,0.0,1.0,0.05528717122920021,0.4090909090909091,0.6073926073926075,0.39228295819935693,0.1688794476898566,0.14371643394199785,0.7368421052631579
53,0.0,0.27987155653202633,0.0,0.1071428571428612,0.0,0.0,0.0,0.5,0.5,0.0,0.0,0.0,1.0,0.0,0.967741935483871,0.0,0.0,0.0,0.0,0.2033898305084746,0.7252747252747254,0.0,0.0,0.0,0.0,0.0,0.0,0.0,0.0,0.0,0.75,1.0,1.0,1.0,1.0,1.0,0.9999999999999999,1.0,1.0,1.0,1.0,1.0,1.0,1.0,0.0,0.0,0.0,1.0,0.3553408480944712,0.4886363636363637,0.6073926073926075,0.16398713826366562,0.33802442910249597,0.3544575725026853,0.7368421052631579
54,0.0,0.27987155653202633,0.0,0.0,0.0,0.0,0.0,0.5,0.5,1.0,0.0,0.0,1.0,0.0,0.03225806451612903,0.0,0.0,0.0,0.0,0.2485875706214689,0.6483516483516485,0.0,0.0,0.0,0.0,0.0,0.0,0.0,0.0,0.0,0.75,0.6666666666666665,1.0,0.25,1.0,0.0,0.9999999999999999,0.49999999999999994,1.0,0.0,0.0,0.25,1.0,0.0,0.0,0.0,0.0,1.0,0.3722107200368069,0.375,0.6073926073926075,0.24758842443729906,0.3826340945300053,0.3963480128893663,0.43421052631578944
55,0.0,0.27987155653202633,0.0,0.1071428571428612,0.0,0.0,0.0,0.5,0.5,0.0,0.0,0.0,0.0,0.0,0.0,0.0,0.0,0.0,0.0,0.2090395480225989,0.7692307692307694,0.0,0.0,0.0,0.0,0.0,0.0,0.0,0.0,0.0,0.75,1.0,1.0,1.0,1.0,1.0,0.9999999999999999,1.0,1.0,1.0,1.0,1.0,1.0,1.0,0.0,0.0,0.0,1.0,0.453876236484932,0.3068181818181818,0.6073926073926075,0.16398713826366562,0.36802973977695164,0.49967776584317936,0.7236842105263157
56,0.0,0.27987155653202633,0.0,0.1071428571428612,0.0,0.0,0.0,1.0,0.5,1.0,0.0,0.0,1.0,0.0,1.0,0.0,0.0,0.0,0.0,0.1581920903954802,0.4065934065934066,0.0,0.0,0.0,0.0,0.0,0.0,0.0,0.0,0.0,0.75,0.6666666666666665,1.0,0.0,1.0,0.0,0.9999999999999999,0.49999999999999994,1.0,0.0,1.0,0.0,1.0,0.0,0.0,0.0,0.0,1.0,0.2693045011885591,0.21590909090909094,0.6073926073926075,0.26688102893890675,0.2944768985661179,0.28206229860365195,0.7368421052631579
57,0.0,0.27987155653202633,0.0,0.1071428571428612,0.0,0.0,0.0,1.0,0.5,1.0,0.0,0.0,0.0,0.0,0.0,0.0,0.0,0.0,0.0,0.1581920903954802,0.38461538461538464,0.0,0.0,0.0,0.0,0.0,0.0,0.0,0.0,0.0,0.75,0.6666666666666665,1.0,0.0,1.0,0.0,0.9999999999999999,0.49999999999999994,1.0,0.0,0.0,0.25,1.0,0.0,0.0,0.0,0.0,1.0,0.6616823863200674,0.4659090909090909,0.6073926073926075,0.2604501607717042,0.6534784917684545,0.5871106337271751,0.23684210526315788
58,0.0,0.27987155653202633,0.0,0.1071428571428612,0.0,0.0,0.0,0.5,0.5,0.0,1.0,0.0,1.0,0.0,1.0,0.0,0.0,0.0,0.0,0.12429378531073447,0.37362637362637363,1.0,0.0,0.0,0.0,0.0,0.0,0.0,0.0,0.0,0.75,1.0,1.0,1.0,1.0,1.0,0.9999999999999999,1.0,1.0,1.0,1.0,1.0,1.0,1.0,0.0,0.0,0.0,0.0,0.4023464458247066,0.9772727272727273,0.6073926073926075,0.0,0.17817312798725435,0.3364124597207304,0.6842105263157894
59,0.0,0.33413328826544986,0.0,1.0,0.0,0.0,0.0,0.5,0.5,0.0,1.0,0.0,1.0,0.0,0.967741935483871,0.0,0.0,0.0,0.0,0.1864406779661017,0.6263736263736265,1.0,0.0,0.0,0.0,0.0,0.0,0.0,0.0,0.0,0.75,1.0,1.0,1.0,1.0,1.0,0.9999999999999999,1.0,1.0,1.0,1.0,1.0,1.0,1.0,0.0,0.0,0.0,1.0,0.22222222222222218,0.26136363636363635,0.3306693306693307,0.28938906752411575,0.06505576208178437,0.20451127819548873,0.6578947368421052
60,0.0,0.3994817193397555,0.0,0.8392857142857153,0.0,1.0,0.0,0.5,0.5,1.0,1.0,0.0,1.0,0.0,0.03225806451612903,1.0,0.0,0.0,0.0,0.03954802259887005,0.06593406593406595,1.0,0.0,0.0,0.0,0.0,0.0,0.0,0.0,0.0,0.75,0.6666666666666665,1.0,0.5,1.0,0.0,0.9999999999999999,0.6666666666666667,1.0,0.0,0.0,0.25,1.0,0.0,0.0,0.0,0.0,0.0,0.13802622498274672,0.39772727272727276,0.34765234765234765,0.19614147909967844,0.14577801380775357,0.20708915145005372,0.5657894736842105
61,0.0,0.27987155653202633,0.0,0.1071428571428612,0.0,0.0,0.0,0.5,0.5,0.5,1.0,0.0,1.0,0.0,1.0,0.0,0.0,0.0,0.0,0.14124293785310732,0.5384615384615385,1.0,0.0,0.0,0.0,0.0,0.0,0.0,0.0,0.0,0.75,1.0,1.0,1.0,1.0,1.0,0.9999999999999999,1.0,1.0,1.0,0.0,1.0,1.0,1.0,0.0,0.0,0.0,0.8888888888888888,0.2929990031439307,0.4659090909090909,0.6073926073926075,0.14790996784565918,0.25225703664365373,0.32008592910848555,0.763157894736842
62,0.0,0.3994817193397555,0.0,0.8392857142857153,0.0,0.0,0.0,0.5,0.5,0.0,1.0,0.0,1.0,0.0,1.0,0.0,0.0,0.0,0.0,0.016949152542372885,0.13186813186813187,1.0,0.0,0.0,0.0,0.0,0.0,0.0,0.0,0.0,0.75,1.0,1.0,1.0,1.0,1.0,0.9999999999999999,1.0,1.0,1.0,1.0,1.0,1.0,1.0,0.0,0.0,0.0,0.0,0.2956828464074841,0.8977272727272727,0.34765234765234765,0.13504823151125403,0.19304301646309077,0.27604726100966703,0.5789473684210527
63,0.0,0.27987155653202633,0.0,0.1071428571428612,0.0,0.0,0.0,0.5,0.5,0.0,1.0,0.0,1.0,0.0,1.0,0.0,0.0,0.0,0.0,0.022598870056497175,0.13186813186813187,1.0,0.0,0.0,0.0,0.0,0.0,0.0,0.0,0.0,0.75,1.0,1.0,1.0,1.0,1.0,0.9999999999999999,1.0,1.0,1.0,1.0,1.0,1.0,1.0,0.0,0.0,0.0,0.2222222222222222,0.2530480791350357,0.7954545454545454,0.6073926073926075,0.1607717041800643,0.17073818374933616,0.24618689581095596,0.513157894736842
64,0.0,0.27987155653202633,0.0,0.1071428571428612,0.0,0.0,0.0,0.5,0.5,0.0,0.0,0.0,1.0,0.0,0.03225806451612903,0.0,0.0,0.0,0.0,0.192090395480226,0.5164835164835165,0.0,0.0,0.0,0.0,0.0,0.0,0.0,0.0,0.0,0.75,1.0,1.0,1.0,1.0,1.0,0.9999999999999999,1.0,1.0,1.0,1.0,1.0,1.0,1.0,0.0,0.0,0.0,1.0,0.20581243769649563,0.6477272727272727,0.6073926073926075,0.07073954983922831,0.15507169410515134,0.2058002148227712,0.5921052631578947
65,0.0,0.34359754380034935,0.0,0.6428571428571459,1.0,0.0,0.0,0.5,0.5,1.0,0.0,0.0,1.0,0.0,1.0,0.0,0.0,0.0,0.0,0.8305084745762712,0.6373626373626374,0.0,0.0,0.0,0.0,0.0,0.0,0.0,0.0,0.0,0.0,0.8888888888888888,1.0,0.25,1.0,0.0,0.9999999999999999,0.49999999999999994,1.0,0.0,0.0,0.25,1.0,0.0,0.0,0.0,1.0000000000000002,1.0,0.0862663906142167,0.125,0.35364635364635366,0.585209003215434,0.18029739776951673,0.15853920515574652,0.7894736842105263
66,0.0,0.0,0.0,0.5178571428571459,1.0,0.0,0.0,0.5,0.5,0.5,0.0,0.0,1.0,0.0,0.967741935483871,0.0,0.0,0.0,0.0,0.4067796610169491,0.6373626373626374,1.0,0.0,0.0,0.0,0.0,0.0,0.5,0.0,0.0,0.125,1.0,1.0,1.0,1.0,1.0,0.9999999999999999,1.0,1.0,1.0,0.0,1.0,1.0,1.0,0.0,0.0,1.0000000000000002,1.0,0.17130588145080897,0.25,0.4695304695304695,0.33440514469453375,0.1763143919277748,0.20859291084854995,0.513157894736842
67,0.0,0.22353670215762492,0.0,0.3214285714285694,0.0,0.0,0.0,0.5,0.5,1.0,0.0,0.0,1.0,0.0,1.0,0.0,0.0,0.0,0.0,0.3107344632768362,0.17582417582417584,0.0,0.0,0.0,0.0,0.0,0.0,0.0,0.0,0.0,1.0,0.2222222222222222,1.0,0.25,1.0,0.0,0.9999999999999999,0.49999999999999994,1.0,0.0,0.0,0.25,1.0,0.0,0.0,0.0,1.0000000000000002,1.0,0.21470746108427266,0.2840909090909091,0.22177822177822182,0.990353697749196,0.26978226234731806,0.2234156820622986,0.631578947368421
68,0.0,0.29131879894090473,0.0,0.9821428571428612,0.0,0.0,0.0,0.5,0.5,0.5,0.0,0.0,1.0,0.0,0.967741935483871,0.0,0.0,0.0,0.0,0.3050847457627119,0.7032967032967034,0.0,0.0,0.0,0.0,0.0,0.0,0.0,0.0,0.0,0.25,1.0,1.0,1.0,1.0,1.0,0.9999999999999999,1.0,1.0,1.0,0.0,1.0,1.0,1.0,0.0,0.0,1.0000000000000002,1.0,0.140403343301894,0.3863636363636364,0.46853146853146854,0.39871382636655944,0.1728624535315985,0.1722878625134264,0.15789473684210525
69,0.0,0.3469100332375641,0.0,0.3571428571428612,0.0,0.0,0.0,0.5,0.5,0.5,0.0,0.0,1.0,0.0,1.0,0.0,0.0,0.0,0.0,0.2768361581920904,0.5054945054945056,0.0,0.0,0.0,0.0,0.0,0.0,0.0,0.0,0.0,0.0,1.0,1.0,1.0,1.0,1.0,0.9999999999999999,1.0,1.0,1.0,0.0,1.0,1.0,1.0,0.0,0.0,1.0000000000000002,1.0,0.08243232880914039,0.07954545454545456,1.0,0.16720257234726688,0.1330323951141795,0.14930182599355532,0.6710526315789473
70,0.0,0.34359754380034935,0.0,0.6428571428571459,0.0,0.0,0.0,0.5,0.5,1.0,0.0,0.0,1.0,0.0,0.0,0.0,0.0,0.0,0.0,0.12994350282485873,0.20879120879120883,0.0,0.0,0.0,0.0,0.0,0.0,0.0,0.0,0.0,0.0,0.8888888888888888,1.0,0.25,1.0,0.0,0.9999999999999999,0.49999999999999994,1.0,0.0,0.0,0.25,1.0,0.0,0.0,0.0,1.0000000000000002,1.0,0.3817191933133961,0.3522727272727273,0.35364635364635366,0.180064308681672,0.19091874668082845,0.33297529538131043,0.5657894736842105
71,0.0,0.3452199876063321,0.0,0.7142857142857153,1.0,0.0,0.0,0.5,0.5,1.0,0.0,0.0,1.0,0.0,0.967741935483871,0.0,0.0,0.0,0.0,0.4689265536723164,0.47252747252747257,0.0,0.0,0.0,0.0,0.0,0.0,0.0,0.0,0.0,1.0,0.0,1.0,0.25,1.0,0.0,0.9999999999999999,0.49999999999999994,1.0,0.0,0.0,0.25,1.0,0.0,0.0,0.0,1.0000000000000002,1.0,0.1350356567747872,0.5681818181818181,0.8281718281718282,0.39228295819935693,0.16728624535315986,0.11621911922663802,0.5921052631578947
72,0.0,0.22353670215762492,0.0,0.3214285714285694,1.0,0.0,0.0,0.5,0.5,1.0,0.0,0.0,1.0,0.0,1.0,0.0,0.0,0.0,0.0,0.6384180790960452,0.7692307692307694,0.0,0.0,0.0,0.0,0.0,0.0,0.0,0.0,0.0,0.0,0.8888888888888888,1.0,0.25,1.0,0.0,0.9999999999999999,0.49999999999999994,1.0,0.0,0.0,0.25,1.0,0.0,0.0,0.0,1.0000000000000002,1.0,0.10635687447281647,0.3863636363636364,0.22177822177822182,0.990353697749196,0.24588422729686668,0.19828141783029,0.6447368421052632
73,0.0,0.3458509379753254,0.0,0.75,0.0,0.0,0.0,0.5,0.5,0.5,0.0,0.0,1.0,0.0,0.967741935483871,0.0,0.0,0.0,0.0,0.3389830508474576,0.8021978021978023,0.0,0.0,0.0,0.0,0.0,0.0,0.0,0.0,0.0,0.125,1.0,1.0,1.0,1.0,1.0,0.9999999999999999,1.0,1.0,1.0,0.0,1.0,1.0,1.0,0.0,0.0,1.0000000000000002,1.0,0.14078674948240164,0.375,0.7892107892107891,0.16720257234726688,0.09107806691449813,0.03480128893662729,0.4605263157894737
74,0.0,0.22353670215762492,0.0,0.3214285714285694,0.0,0.0,0.0,0.5,0.5,1.0,0.0,0.0,1.0,0.0,0.967741935483871,0.0,0.0,0.0,0.0,0.1807909604519774,0.32967032967032966,0.0,0.0,0.0,0.0,0.0,0.0,0.0,0.0,0.0,1.0,0.1111111111111111,1.0,0.5,1.0,0.0,0.9999999999999999,0.49999999999999994,1.0,0.0,0.0,0.25,1.0,0.0,0.0,0.0,0.0,1.0,0.29736983360171765,0.5340909090909092,0.22177822177822182,0.4630225080385852,0.36510886882634097,0.3325456498388829,0.763157894736842
75,0.0,0.3490056898202918,0.0,0.8571428571428612,0.0,0.0,0.0,0.5,0.5,0.0,0.0,1.0,1.0,0.0,0.0,0.0,0.0,0.0,0.0,0.22598870056497172,0.8901098901098903,0.0,0.0,0.0,0.0,0.0,0.0,0.0,0.0,0.0,0.125,1.0,1.0,1.0,1.0,1.0,0.9999999999999999,1.0,1.0,1.0,1.0,1.0,1.0,1.0,0.0,0.0,0.0,1.0,0.1055133808756997,0.18181818181818182,0.42357642357642356,0.3215434083601286,0.1728624535315985,0.17250268528464016,0.5921052631578947
76,0.0,0.34359754380034935,0.0,0.6428571428571459,1.0,0.0,0.0,0.5,0.5,1.0,0.0,0.0,1.0,0.0,1.0,0.0,0.0,0.0,0.0,0.615819209039548,0.6703296703296704,1.0,0.0,0.0,0.0,0.0,0.0,1.0,0.0,0.0,0.0,0.8888888888888888,1.0,0.25,1.0,0.0,0.9999999999999999,0.49999999999999994,1.0,0.0,0.0,0.25,1.0,0.0,0.0,0.0,1.0000000000000002,1.0,0.12966797024768037,0.06818181818181818,0.35364635364635366,0.48231511254019294,0.10621348911311734,0.286358754027927,0.6578947368421052
77,0.0,0.4062419018646838,0.0,0.9464285714285694,0.0,0.0,0.0,0.5,0.5,1.0,0.0,1.0,1.0,0.0,0.0,0.0,0.0,0.0,0.0,0.09604519774011298,0.9450549450549451,0.0,0.0,0.0,0.0,0.0,0.0,0.0,0.0,0.0,1.0,0.1111111111111111,1.0,0.25,1.0,0.0,0.9999999999999999,0.49999999999999994,1.0,0.0,1.0,0.0,1.0,0.0,0.0,0.0,0.0,1.0,0.3844030365769495,0.7272727272727273,0.0,0.14469453376205788,0.2503983005841741,0.3860365198711063,0.47368421052631576
78,0.0,0.22353670215762492,0.0,0.3214285714285694,1.0,0.0,0.0,0.5,0.5,0.5,0.0,0.0,1.0,0.0,0.967741935483871,0.0,0.0,0.0,0.0,0.480225988700565,0.45054945054945056,0.0,0.0,0.0,0.0,0.0,0.0,0.0,0.0,0.0,0.125,1.0,1.0,1.0,1.0,1.0,0.9999999999999999,1.0,1.0,1.0,0.0,1.0,1.0,1.0,0.0,0.0,1.0000000000000002,1.0,0.130051376428188,0.13636363636363638,0.22177822177822182,0.707395498392283,0.22437599575146042,0.19871106337271752,0.6973684210526315
79,0.0,0.3458509379753254,0.0,0.75,1.0,0.0,0.0,0.5,0.5,0.5,0.0,0.0,1.0,0.0,1.0,0.0,0.0,0.0,0.0,0.5819209039548022,0.6483516483516485,0.0,0.0,0.0,0.0,0.0,0.0,0.0,0.0,0.0,0.25,1.0,1.0,1.0,1.0,1.0,0.9999999999999999,1.0,1.0,1.0,0.0,1.0,1.0,1.0,0.0,0.0,1.0000000000000002,1.0,0.17383636224215934,0.7045454545454546,0.7892107892107891,0.3215434083601286,0.2567711099309612,0.1995703544575725,0.5526315789473684
80,0.0,0.3452199876063321,0.0,0.7142857142857153,1.0,0.0,0.0,0.5,0.5,1.0,0.0,0.0,1.0,0.0,0.0967741935483871,0.0,0.0,0.0,0.0,0.4576271186440678,0.6153846153846155,0.0,0.0,0.0,0.0,0.0,0.0,0.0,0.0,0.0,1.0,0.2222222222222222,1.0,0.25,1.0,0.0,0.9999999999999999,0.49999999999999994,1.0,0.0,0.0,0.25,1.0,0.0,0.0,0.0,1.0000000000000002,1.0,0.1970707767809217,0.3068181818181818,0.8281718281718282,0.35691318327974275,0.2769516728624535,0.25972073039742216,0.7894736842105263
81,0.0,0.33413328826544986,0.0,0.5892857142857153,0.0,0.0,0.0,0.5,0.0,1.0,1.0,0.0,1.0,0.0,0.967741935483871,0.0,0.0,0.0,0.0,0.2824858757062147,1.0,1.0,0.0,0.0,0.0,0.0,0.0,0.0,0.0,0.0,1.0,0.0,1.0,0.25,1.0,0.0,0.33333333333333337,0.16666666666666669,1.0,0.0,1.0,0.0,1.0,0.0,0.0,0.0,1.0000000000000002,1.0,0.34383866267924235,0.7272727272727273,0.3306693306693307,0.2508038585209003,0.2756240042485395,0.24038668098818475,0.13157894736842105
82,0.0,0.22353670215762492,0.0,0.3214285714285694,1.0,0.0,0.0,0.5,0.5,0.0,0.0,0.0,1.0,0.0,0.967741935483871,0.0,0.0,0.0,0.0,0.559322033898305,0.5164835164835165,0.0,0.0,0.0,0.0,0.0,0.0,0.0,0.0,0.0,0.0,1.0,1.0,1.0,1.0,1.0,0.9999999999999999,1.0,1.0,1.0,1.0,1.0,1.0,1.0,0.0,0.0,1.0000000000000002,1.0,0.10328962502875547,0.20454545454545453,0.22177822177822182,0.4694533762057878,0.1287838555496548,0.1871106337271751,0.9078947368421052
83,0.0,0.22353670215762492,0.0,0.3214285714285694,0.0,0.0,0.0,0.5,0.5,1.0,0.0,0.0,1.0,0.0,1.0,0.0,0.0,0.0,0.0,0.3107344632768362,0.7472527472527474,0.0,0.0,0.0,0.0,0.0,0.0,0.0,0.0,0.0,1.0,0.0,1.0,0.25,1.0,0.0,0.9999999999999999,0.49999999999999994,1.0,0.0,0.0,0.25,1.0,0.0,0.0,0.0,0.0,1.0,0.2752089563683766,0.375,0.22177822177822182,0.48874598070739544,0.2291556027615507,0.3894736842105263,0.7894736842105263
84,0.0,0.3469100332375641,0.0,0.3571428571428612,1.0,0.0,0.0,0.5,0.5,0.5,0.0,0.0,1.0,0.0,0.967741935483871,0.0,0.0,0.0,0.0,0.4519774011299435,0.7472527472527474,0.0,0.0,0.0,0.0,0.0,0.0,0.0,0.0,0.0,0.125,1.0,1.0,1.0,1.0,1.0,0.9999999999999999,1.0,1.0,1.0,0.0,1.0,1.0,1.0,0.0,0.0,1.0000000000000002,1.0,0.18993942182347975,0.2272727272727273,1.0,0.24437299035369775,0.14152947424322887,0.15338345864661654,0.5921052631578947
85,0.0,0.34359754380034935,0.0,0.6428571428571459,1.0,0.0,0.0,0.5,1.0,1.0,0.0,0.0,1.0,0.0,1.0,0.0,0.0,0.0,0.0,0.4406779661016949,0.6593406593406594,0.0,0.0,0.0,0.0,0.0,0.0,0.0,0.0,0.0,0.25,0.8888888888888888,1.0,0.25,1.0,0.0,0.0,0.49999999999999994,1.0,0.0,0.0,0.25,1.0,0.0,0.0,0.0,1.0000000000000002,1.0,0.9677171996012575,0.5,0.35364635364635366,0.5530546623794212,0.6532129580456718,0.59312567132116,0.15789473684210525
86,0.0,0.27987155653202633,0.0,0.0,1.0,0.0,0.0,0.5,0.5,1.0,0.0,0.0,1.0,0.0,1.0,0.0,0.0,0.0,0.0,0.4293785310734463,0.4615384615384616,0.0,0.0,0.0,0.0,0.0,0.0,0.0,0.0,0.0,0.125,0.8888888888888888,1.0,0.25,1.0,0.0,0.9999999999999999,0.49999999999999994,1.0,0.0,0.0,0.25,1.0,0.0,0.0,0.0,1.0000000000000002,1.0,0.29698642742120995,0.375,0.6073926073926075,0.46623794212218644,0.35979819437068505,0.2906552094522019,0.4605263157894737
87,0.0,0.27987155653202633,0.0,0.0,1.0,0.0,0.0,0.5,0.5,0.0,0.0,0.0,1.0,0.0,0.967741935483871,0.0,0.0,0.0,0.0,0.4689265536723164,0.7692307692307694,0.0,0.0,0.0,0.0,0.0,0.0,0.0,0.0,0.0,1.0,0.1111111111111111,1.0,0.25,1.0,0.0,0.9999999999999999,0.49999999999999994,1.0,0.0,1.0,0.25,1.0,0.0,0.0,0.0,1.0000000000000002,1.0,0.10934744268077598,0.625,0.6073926073926075,0.13504823151125403,0.07275624004248538,0.16842105263157894,0.894736842105263
88,0.0,0.34359754380034935,0.0,0.6428571428571459,0.0,0.0,0.0,0.5,0.5,1.0,0.0,0.0,1.0,0.0,0.967741935483871,0.0,0.0,0.0,0.0,0.3559322033898305,0.7692307692307694,1.0,0.0,0.0,0.0,0.0,0.0,0.5,0.0,0.0,0.125,0.8888888888888888,1.0,0.25,1.0,0.0,0.9999999999999999,0.49999999999999994,1.0,0.0,0.0,0.25,1.0,0.0,0.0,0.0,1.0000000000000002,1.0,0.195077064642282,0.26136363636363635,0.35364635364635366,0.2861736334405145,0.17445565586829528,0.18131041890440389,0.381578947368421
89,0.0,0.3469100332375641,0.0,0.3571428571428612,1.0,0.0,0.0,0.5,0.5,1.0,0.0,0.0,1.0,0.0,0.967741935483871,0.0,0.0,0.0,0.0,0.5141242937853108,0.9010989010989012,0.0,0.0,0.0,0.0,0.0,0.0,0.0,0.0,0.0,0.0,0.8888888888888888,1.0,0.25,1.0,0.0,0.9999999999999999,0.49999999999999994,1.0,0.0,0.0,0.25,1.0,0.0,0.0,0.0,1.0000000000000002,1.0,0.338394294916034,0.14772727272727273,1.0,0.3729903536977492,0.4338821030270844,0.4687432867883995,0.6184210526315789
90,0.0,0.34359754380034935,0.0,0.6428571428571459,1.0,0.0,0.0,0.5,0.5,0.5,0.0,0.0,1.0,0.0,1.0,0.0,0.0,0.0,0.0,0.480225988700565,0.7032967032967034,0.0,0.0,0.0,0.0,0.0,0.0,0.0,0.0,0.0,0.25,1.0,1.0,1.0,1.0,1.0,0.9999999999999999,1.0,1.0,1.0,0.0,1.0,1.0,1.0,0.0,0.0,1.0000000000000002,1.0,0.9934054136952686,0.2840909090909091,0.35364635364635366,0.28938906752411575,1.0,0.9999999999999999,0.18421052631578946
91,0.0,0.3452199876063321,0.0,0.6607142857142847,1.0,0.0,0.0,0.5,0.5,0.5,0.0,0.0,1.0,0.0,0.967741935483871,0.0,0.0,0.0,0.0,0.5480225988700564,0.8131868131868133,0.0,0.0,0.0,0.0,0.0,0.0,0.0,0.0,0.0,0.125,1.0,1.0,1.0,1.0,1.0,0.9999999999999999,1.0,1.0,1.0,0.0,1.0,1.0,1.0,0.0,0.0,1.0000000000000002,1.0,0.17590675561690053,0.4431818181818182,0.8281718281718282,0.3279742765273312,0.26633032395114176,0.19656283566058,0.5789473684210527
92,0.0,0.27987155653202633,0.0,0.0,1.0,0.0,0.0,0.5,0.5,0.5,0.0,0.0,1.0,0.0,0.967741935483871,0.0,0.0,0.0,0.0,0.6892655367231638,0.5384615384615385,0.0,0.0,0.0,0.0,0.0,0.0,0.0,0.0,0.0,1.0,0.0,1.0,0.5,1.0,0.0,0.9999999999999999,0.6666666666666667,1.0,0.0,0.0,0.5,1.0,0.0,0.0,0.0,1.0000000000000002,1.0,0.06525573192239859,0.26136363636363635,0.6073926073926075,0.6881028938906752,0.2087095061072756,0.1856068743286788,0.2894736842105263
93,0.0,0.3476536533153062,0.0,0.7678571428571459,1.0,0.0,0.0,0.5,0.5,1.0,0.0,0.0,1.0,0.0,1.0,0.0,0.0,0.0,0.0,0.576271186440678,0.6813186813186815,0.0,0.0,0.0,0.0,0.0,0.0,0.0,0.0,0.0,0.125,0.8888888888888888,1.0,0.25,1.0,0.0,0.9999999999999999,0.49999999999999994,1.0,0.0,0.0,0.25,1.0,0.0,0.0,0.0,1.0000000000000002,1.0,0.5004217467985583,0.19318181818181818,0.4705294705294706,0.3536977491961415,0.49229952203929894,0.5490870032223415,0.4473684210526315
94,0.0,0.3452199876063321,0.0,0.7142857142857153,1.0,0.0,0.0,0.5,0.5,1.0,0.0,0.0,1.0,0.0,1.0,0.0,0.0,0.0,0.0,0.9999999999999999,0.7252747252747254,0.0,0.0,0.0,0.0,0.0,0.0,0.0,0.0,0.0,1.0,0.0,1.0,0.25,1.0,0.0,0.9999999999999999,0.49999999999999994,1.0,0.0,1.0,0.0,1.0,0.0,0.0,0.0,1.0000000000000002,1.0,0.2479871175523349,0.23863636363636365,0.8281718281718282,0.4308681672025723,0.3908656399362719,0.2964554242749732,0.6052631578947368
95,0.0,0.3469100332375641,0.0,0.3571428571428612,1.0,0.0,0.0,0.5,0.5,1.0,1.0,0.0,1.0,0.0,0.967741935483871,0.0,0.0,0.0,0.0,0.903954802259887,0.2967032967032967,1.0,0.0,0.0,0.0,0.0,0.0,0.0,0.0,0.0,0.0,0.8888888888888888,1.0,0.25,1.0,0.0,0.9999999999999999,0.49999999999999994,1.0,0.0,0.0,0.25,1.0,0.0,0.0,1.0,1.0000000000000002,0.0,0.2920788283107123,0.05681818181818182,1.0,0.3504823151125402,0.35767392458842273,0.3789473684210526,0.894736842105263
96,0.0,1.0,0.0,0.5,1.0,0.0,0.0,0.5,0.5,0.0,0.0,0.0,1.0,0.0,0.967741935483871,0.0,0.0,0.0,0.0,0.3672316384180791,0.5164835164835165,0.0,0.0,0.0,0.0,0.0,0.0,0.0,0.0,0.0,0.25,1.0,1.0,1.0,1.0,1.0,0.9999999999999999,1.0,1.0,1.0,1.0,1.0,1.0,1.0,0.0,0.0,1.0000000000000002,1.0,0.2893949850471589,0.4318181818181818,0.13886113886113882,0.3633440514469453,0.24137015400955922,0.5007518796992481,0.381578947368421
97,0.0,0.27987155653202633,0.0,0.1071428571428612,1.0,0.0,0.0,0.5,1.0,1.0,0.0,0.0,1.0,0.0,0.967741935483871,0.0,0.0,0.0,0.0,0.4067796610169491,0.5934065934065935,0.0,0.0,0.0,0.0,0.0,0.0,0.0,0.0,0.0,0.25,0.8888888888888888,1.0,0.5,1.0,0.0,0.9999999999999999,0.0,1.0,0.0,0.0,0.25,1.0,0.0,0.0,0.0,1.0000000000000002,1.0,0.3163100989187946,0.23863636363636365,0.6073926073926075,0.45980707395498394,0.4052044609665427,0.3331901181525242,0.6184210526315789
98,0.0,0.27987155653202633,0.0,0.0,1.0,0.0,0.0,0.5,1.0,1.0,1.0,0.0,1.0,0.0,0.0,0.0,0.0,0.0,0.0,0.7966101694915254,0.8351648351648353,1.0,0.0,0.0,0.0,0.0,0.0,0.0,0.0,0.0,1.0,0.1111111111111111,1.0,0.25,1.0,0.0,0.0,0.49999999999999994,1.0,0.0,0.0,0.25,1.0,0.0,0.0,0.0,1.0000000000000002,1.0,0.21647112951460776,0.4090909090909091,0.6073926073926075,0.2733118971061093,0.18959107806691447,0.2515574650912997,1.0
99,0.0,0.27987155653202633,0.0,0.0,1.0,0.0,0.0,0.5,0.5,1.0,0.0,0.0,1.0,0.0,1.0,0.0,0.0,0.0,0.0,0.48587570621468923,0.7252747252747254,0.0,0.0,0.0,0.0,0.0,0.0,0.0,0.0,0.0,0.125,0.8888888888888888,1.0,0.5,1.0,0.0,0.9999999999999999,0.6666666666666667,1.0,0.0,0.0,0.25,1.0,0.0,0.0,0.0,1.0000000000000002,1.0,0.030289088260102737,0.4659090909090909,0.6073926073926075,0.2829581993569132,0.03637812002124269,0.10290010741138561,1.0
100,0.0,0.33413328826544986,0.0,0.5357142857142847,1.0,0.0,0.0,0.5,0.5,1.0,0.0,0.0,1.0,0.0,0.967741935483871,0.0,0.0,0.0,0.0,0.3672316384180791,0.7032967032967034,0.0,0.0,0.0,0.0,0.0,0.0,0.0,0.0,0.0,1.0,0.1111111111111111,1.0,0.25,1.0,0.0,0.9999999999999999,0.49999999999999994,1.0,0.0,0.0,0.25,1.0,0.0,0.0,0.0,1.0000000000000002,1.0,0.24415305574725862,0.17045454545454547,0.3306693306693307,0.4565916398713827,0.25597450876261285,0.2171858216970999,0.25
101,0.0,0.34359754380034935,0.0,0.6428571428571459,0.0,0.0,0.0,0.5,0.5,0.0,0.0,1.0,1.0,0.0,0.967741935483871,0.0,0.0,0.0,0.0,0.2824858757062147,0.7362637362637364,0.0,0.0,0.0,0.0,0.0,0.0,0.0,0.0,0.0,0.25,1.0,1.0,1.0,1.0,1.0,0.9999999999999999,1.0,1.0,1.0,1.0,1.0,1.0,1.0,0.0,0.0,0.0,1.0,0.11540526033279655,0.3522727272727273,0.35364635364635366,0.2572347266881029,0.04992033988316516,0.11600429645542426,0.5
102,0.0,0.34359754380034935,0.0,0.6428571428571459,1.0,0.0,0.0,0.5,0.5,1.0,0.0,0.0,1.0,0.0,0.967741935483871,0.0,0.0,0.0,0.0,0.3954802259887006,0.8131868131868133,0.0,0.0,0.0,0.0,0.0,0.0,0.0,0.0,0.0,0.0,0.8888888888888888,1.0,0.25,1.0,0.0,0.9999999999999999,0.49999999999999994,1.0,0.0,0.0,0.25,1.0,0.0,0.0,0.0,1.0000000000000002,1.0,0.35020320527566895,0.34090909090909094,0.35364635364635366,0.6141479099678457,0.3319171534784917,0.2934479054779807,0.18421052631578946
103,0.0,0.27987155653202633,0.0,0.0,0.0,0.0,0.0,0.5,0.5,0.5,0.0,0.0,1.0,0.0,0.967741935483871,0.0,0.0,0.0,0.0,0.3333333333333333,0.5164835164835165,0.0,0.0,0.0,0.0,0.0,0.0,0.0,0.0,0.0,0.125,1.0,1.0,1.0,1.0,1.0,0.9999999999999999,1.0,1.0,1.0,0.0,1.0,1.0,1.0,0.0,0.0,1.0000000000000002,1.0,0.06211180124223603,0.625,0.6073926073926075,0.15112540192926044,0.08948486457780136,0.08485499462943072,0.894736842105263
104,0.0,0.3490056898202918,0.0,0.8571428571428612,1.0,0.0,0.0,0.5,1.0,1.0,0.0,0.0,1.0,0.0,0.967741935483871,0.0,0.0,0.0,0.0,0.4124293785310734,0.8131868131868133,0.0,0.0,0.0,0.0,0.0,0.0,0.0,0.0,0.0,0.125,0.8888888888888888,1.0,0.25,1.0,0.0,0.0,0.49999999999999994,1.0,0.0,0.0,0.25,1.0,0.0,0.0,0.0,1.0000000000000002,1.0,0.2634000460087417,0.19318181818181818,0.42357642357642356,0.2765273311897106,0.2174721189591078,0.31041890440386677,0.6184210526315789
105,0.0,0.0,0.0,0.5178571428571459,1.0,0.0,0.0,0.5,0.5,0.0,1.0,0.0,1.0,0.0,1.0,0.0,0.0,0.0,0.0,0.7457627118644068,0.9120879120879122,1.0,0.0,0.0,0.0,0.0,0.0,0.0,0.0,0.0,0.0,1.0,1.0,1.0,1.0,1.0,0.9999999999999999,1.0,1.0,1.0,1.0,1.0,1.0,1.0,0.0,1.0,1.0000000000000002,0.0,1.0,0.375,0.4695304695304695,0.4565916398713827,0.9211364843335104,0.9849624060150376,0.17105263157894735
106,0.0,0.27987155653202633,0.0,0.0,0.0,0.0,0.0,0.5,0.5,0.0,0.0,0.08450704225352113,1.0,0.0,0.0,0.0,0.0,0.0,0.0,0.3785310734463277,0.8351648351648353,0.0,0.0,0.0,0.0,0.0,0.0,0.0,0.0,0.0,1.0,0.0,1.0,0.5,1.0,0.0,0.9999999999999999,0.6666666666666667,1.0,0.0,1.0,0.5,1.0,0.0,0.0,0.0,0.0,1.0,0.0,0.19318181818181818,0.6073926073926075,0.48231511254019294,0.12692511949017524,0.08464017185821696,1.0
107,0.0,0.3255703904005408,0.0,0.5714285714285694,0.0,0.0,0.0,0.5,0.5,0.0,0.0,0.0,1.0,0.0,0.967741935483871,0.0,0.0,0.0,0.0,0.0903954802259887,0.5164835164835165,0.0,0.0,0.0,0.0,0.0,0.0,0.0,0.0,0.0,0.125,1.0,1.0,1.0,1.0,1.0,0.9999999999999999,1.0,1.0,1.0,1.0,1.0,1.0,1.0,0.0,0.0,1.0000000000000002,1.0,0.0854228970170999,0.45454545454545453,0.18781218781218778,0.18649517684887462,0.1925119490175252,0.25585392051557465,0.0
108,0.0,0.22353670215762492,0.0,0.3214285714285694,1.0,0.0,0.0,0.5,1.0,1.0,0.0,0.0,1.0,0.0,0.967741935483871,0.0,0.0,0.0,0.0,0.5310734463276836,0.8241758241758242,0.0,0.0,0.0,0.0,0.0,0.0,0.0,0.0,0.0,0.25,0.8888888888888888,1.0,0.25,1.0,0.0,0.0,0.49999999999999994,1.0,0.0,0.0,0.25,1.0,0.0,0.0,0.0,1.0000000000000002,1.0,0.1752933057280883,0.3181818181818182,0.22177822177822182,0.5337620578778135,0.24296335634625596,0.24790547798066595,0.763157894736842
109,0.0,0.27987155653202633,0.0,0.1071428571428612,1.0,0.0,0.0,0.5,0.5,0.0,0.0,0.0,1.0,0.0,0.0,0.0,0.0,0.0,0.0,0.5254237288135594,0.8351648351648353,0.0,0.0,0.0,0.0,0.0,0.0,0.0,0.0,0.0,0.125,1.0,1.0,1.0,1.0,1.0,0.9999999999999999,1.0,1.0,1.0,1.0,1.0,1.0,1.0,0.0,0.0,1.0000000000000002,1.0,0.34015796334636905,0.20454545454545453,0.6073926073926075,0.3536977491961415,0.37334041423260755,0.3465091299677766,0.5394736842105263
110,0.0,0.22353670215762492,0.0,0.3214285714285694,1.0,0.0,0.0,0.5,0.5,0.5,0.0,0.0,1.0,0.0,0.0,0.0,0.0,0.0,0.0,0.559322033898305,0.19780219780219782,1.0,0.0,0.0,0.0,0.0,0.0,0.5,0.0,0.0,0.125,1.0,1.0,1.0,1.0,1.0,0.9999999999999999,1.0,1.0,1.0,0.0,1.0,1.0,1.0,0.0,0.0,1.0000000000000002,1.0,0.31055900621118004,0.21590909090909094,0.22177822177822182,0.5209003215434083,0.1319702602230483,0.20537056928034372,0.6578947368421052
111,0.0,0.29131879894090473,0.0,0.9821428571428612,0.0,0.0,0.0,0.5,0.5,1.0,0.0,0.0,1.0,0.0,0.967741935483871,0.0,0.0,0.0,0.0,0.2824858757062147,0.6043956043956045,0.0,0.0,0.0,0.0,0.0,0.0,0.0,0.0,0.0,0.0,0.8888888888888888,1.0,0.25,1.0,0.0,0.9999999999999999,0.49999999999999994,1.0,0.0,0.0,0.25,1.0,0.0,0.0,0.0,1.0000000000000002,1.0,0.140403343301894,0.3863636363636364,0.46853146853146854,0.39871382636655944,0.1728624535315985,0.1722878625134264,0.15789473684210525
112,0.0,0.3458509379753254,0.0,0.75,1.0,0.0,0.0,0.5,0.5,0.5,0.0,0.0,1.0,0.0,0.967741935483871,0.0,0.0,0.0,0.0,0.6836158192090396,0.3626373626373627,0.0,0.0,0.0,0.0,0.0,0.0,0.0,0.0,0.0,0.25,1.0,1.0,1.0,1.0,1.0,0.9999999999999999,1.0,1.0,1.0,0.0,1.0,1.0,1.0,0.0,0.0,1.0000000000000002,1.0,0.44636147534698256,0.375,0.7892107892107891,0.45016077170418006,0.3040361125862985,0.37357679914070896,0.6447368421052632
113,0.0,0.22353670215762492,0.0,0.3214285714285694,1.0,0.0,0.0,0.5,0.5,1.0,0.0,0.0,1.0,0.0,0.0,0.0,0.0,0.0,0.0,0.6892655367231638,0.7802197802197803,1.0,0.0,0.0,0.0,0.0,0.0,1.0,0.0,0.0,0.0,0.8888888888888888,1.0,0.25,1.0,0.0,0.9999999999999999,0.49999999999999994,1.0,0.0,0.0,0.25,1.0,0.0,0.0,0.0,1.0000000000000002,1.0,0.2003680699332873,0.2272727272727273,0.22177822177822182,1.0,0.2753584705257568,0.2545649838882922,0.6447368421052632
114,0.0,0.22353670215762492,0.0,0.3214285714285694,0.0,0.0,0.0,0.0,0.5,0.0,0.0,1.0,1.0,0.0,0.0,0.0,0.0,0.0,0.0,0.23163841807909608,1.0,0.0,0.0,0.0,0.0,0.0,0.0,0.0,0.0,0.0,0.25,1.0,0.0,1.0,1.0,1.0,0.9999999999999999,1.0,1.0,1.0,1.0,1.0,1.0,1.0,0.0,0.0,0.0,1.0,0.276129131201595,0.9090909090909092,0.22177822177822182,0.20257234726688106,0.21773765268189058,0.2066595059076262,0.0
115,0.0,0.22353670215762492,0.0,0.3214285714285694,0.0,0.0,0.0,0.5,0.5,0.5,0.0,0.0,1.0,0.0,1.0,0.0,0.0,0.0,0.0,0.3728813559322034,0.7802197802197803,1.0,0.0,0.0,0.0,0.0,0.0,1.0,0.0,0.0,0.125,1.0,1.0,1.0,1.0,1.0,0.9999999999999999,1.0,1.0,1.0,0.0,1.0,1.0,1.0,0.0,0.0,0.0,1.0,0.07905835442067324,0.45454545454545453,0.22177822177822182,0.42765273311897106,0.16622411046202867,0.12438238453276046,0.0
116,0.0,0.3458509379753254,0.0,0.75,1.0,0.0,0.0,0.5,0.5,1.0,0.0,0.0,1.0,0.0,0.967741935483871,0.0,0.0,0.0,0.0,0.5367231638418078,0.7582417582417583,0.0,0.0,0.0,0.0,0.0,0.0,0.0,0.0,0.0,1.0,0.0,1.0,0.5,1.0,0.0,0.9999999999999999,0.6666666666666667,1.0,0.0,0.0,0.25,1.0,0.0,0.0,0.0,1.0000000000000002,1.0,0.2133271988344452,0.840909090909091,0.7892107892107891,0.12218649517684887,0.16224110462028676,0.20537056928034372,0.9210526315789473
117,0.0,0.33413328826544986,0.0,1.0,1.0,0.0,0.0,0.5,0.5,0.5,0.0,0.0,1.0,0.0,1.0,0.0,0.0,0.0,0.0,0.3502824858757062,0.8351648351648353,0.0,0.0,0.0,0.0,0.0,0.0,0.0,0.0,0.0,0.25,1.0,1.0,1.0,1.0,1.0,0.9999999999999999,1.0,1.0,1.0,0.0,1.0,1.0,1.0,0.0,0.0,1.0000000000000002,1.0,0.16233417682693044,0.375,0.3306693306693307,0.4308681672025723,0.1848114710568242,0.18109559613319012,0.40789473684210525
118,0.0,0.3458509379753254,0.0,0.75,0.0,0.0,0.0,0.5,0.5,1.0,1.0,0.0,1.0,0.0,0.967741935483871,0.0,0.0,0.0,0.0,0.3615819209039548,0.9120879120879122,1.0,0.0,0.0,0.0,0.0,0.0,0.0,0.0,0.0,0.375,0.8888888888888888,1.0,0.25,1.0,0.0,0.9999999999999999,0.49999999999999994,1.0,0.0,0.0,0.25,1.0,0.0,0.0,1.0,1.0000000000000002,0.3333333333333333,0.10497661222298901,0.6704545454545454,0.7892107892107891,0.1189710610932476,0.06691449814126393,0.0,0.22368421052631576
119,0.0,0.3487803504027942,0.0,0.7321428571428612,1.0,0.0,0.0,1.0,0.5,1.0,0.0,0.0,1.0,0.0,0.967741935483871,0.0,0.0,0.0,0.0,0.3785310734463277,0.6263736263736265,0.0,0.0,0.0,0.0,0.0,0.0,0.0,0.0,0.0,1.0,0.1111111111111111,1.0,0.0,1.0,0.0,0.9999999999999999,0.6666666666666667,1.0,0.0,0.0,0.25,1.0,0.0,0.0,0.0,1.0000000000000002,1.0,0.05521048999309869,0.27272727272727276,0.28371628371628377,0.4115755627009647,0.1038236856080722,0.1129967776584318,0.5657894736842105
120,0.0,0.3476536533153062,0.0,0.7678571428571459,0.0,0.0,0.0,0.5,0.5,1.0,0.0,0.0,1.0,0.0,1.0,0.0,0.0,0.0,0.0,0.12429378531073447,0.27472527472527475,0.0,0.0,0.0,0.0,0.0,0.0,0.0,0.0,0.0,0.0,0.8888888888888888,1.0,0.25,1.0,0.0,0.9999999999999999,0.49999999999999994,1.0,0.0,1.0,0.0,1.0,0.0,0.0,0.0,1.0000000000000002,1.0,0.08856682769726246,0.27272727272727276,0.4705294705294706,0.16398713826366562,0.13436006372809345,0.29366272824919437,0.5921052631578947
121,0.0,0.27987155653202633,0.0,0.0,1.0,0.0,0.0,0.0,0.5,0.5,0.0,0.0,1.0,0.0,0.967741935483871,0.0,0.0,0.0,0.0,0.4971751412429378,0.7472527472527474,0.0,0.0,0.0,0.0,0.0,0.0,0.0,0.0,0.0,0.125,1.0,0.0,1.0,1.0,1.0,0.9999999999999999,1.0,1.0,1.0,0.0,1.0,1.0,1.0,0.0,0.0,1.0000000000000002,1.0,0.36960355800935507,0.23863636363636365,0.6073926073926075,0.24437299035369775,0.3690918746680828,0.3207303974221267,0.5526315789473684
122,0.0,0.3458509379753254,0.0,0.75,1.0,0.0,0.0,0.5,0.5,1.0,0.0,0.0,1.0,0.0,0.967741935483871,0.0,0.0,0.0,0.0,0.4406779661016949,0.3186813186813187,0.0,0.0,0.0,0.0,0.0,0.0,0.0,0.0,0.0,0.0,0.8888888888888888,1.0,0.25,1.0,0.0,0.9999999999999999,0.49999999999999994,1.0,0.0,0.0,0.25,1.0,0.0,0.0,0.0,1.0000000000000002,1.0,0.3761214630779848,0.09090909090909091,0.7892107892107891,0.5241157556270097,0.4660116834838024,0.4592910848549946,0.6710526315789473
123,0.0,0.27987155653202633,0.0,0.1071428571428612,1.0,0.0,0.0,0.5,0.5,0.5,0.0,0.0,1.0,0.0,0.967741935483871,0.0,0.0,0.0,0.0,0.4350282485875706,0.6813186813186815,0.0,0.0,0.0,0.0,0.0,0.0,0.0,0.0,0.0,0.0,1.0,1.0,1.0,1.0,1.0,0.9999999999999999,1.0,1.0,1.0,0.0,1.0,1.0,1.0,0.0,0.0,1.0000000000000002,1.0,0.12238325281803539,0.4090909090909091,0.6073926073926075,0.28938906752411575,0.2804036112586298,0.2504833512352309,0.8157894736842105
124,0.0,0.22353670215762492,0.0,0.3214285714285694,1.0,0.0,0.0,0.5,0.0,0.5,0.0,0.0,1.0,0.0,1.0,0.0,0.0,0.0,0.0,0.4915254237288136,0.6263736263736265,0.0,0.0,0.0,0.0,0.0,0.0,0.0,0.0,0.0,0.0,1.0,1.0,1.0,1.0,1.0,0.33333333333333337,1.0,1.0,1.0,0.0,1.0,1.0,1.0,0.0,0.0,1.0000000000000002,1.0,0.31792040487692663,0.34090909090909094,0.22177822177822182,0.5305466237942122,0.2843866171003717,0.34973147153598283,0.5921052631578947
125,0.0,0.29131879894090473,0.0,0.9821428571428612,0.0,0.0,0.0,0.5,0.5,0.5,1.0,0.0,1.0,0.0,1.0,0.0,0.0,0.0,0.0,0.3163841807909604,0.6923076923076924,1.0,0.0,0.0,0.0,0.0,0.0,0.0,0.0,0.0,0.125,1.0,1.0,1.0,1.0,1.0,0.9999999999999999,1.0,1.0,1.0,0.0,1.0,1.0,1.0,0.0,1.0,1.0000000000000002,0.0,0.362012115635304,0.20454545454545453,0.46853146853146854,0.4083601286173633,0.3592671269251194,0.31836734693877555,0.39473684210526316
126,0.0,0.22353670215762492,0.0,0.3214285714285694,1.0,0.0,0.0,0.0,0.5,0.5,0.0,0.0,1.0,0.0,0.967741935483871,0.0,0.0,0.0,0.0,0.615819209039548,0.8131868131868133,0.0,0.0,0.0,0.0,0.0,0.0,0.0,0.0,0.0,0.125,1.0,0.0,1.0,1.0,1.0,0.9999999999999999,1.0,1.0,1.0,0.0,1.0,1.0,1.0,0.0,0.0,1.0000000000000002,1.0,0.1834981979909516,0.47727272727272724,0.22177822177822182,0.33440514469453375,0.2602230483271375,0.2283566058002148,0.8026315789473684
127,0.0,0.27987155653202633,0.0,0.1071428571428612,0.0,0.0,0.0,0.5,0.5,1.0,0.0,0.0,1.0,0.0,0.0,0.0,0.0,0.0,0.0,0.288135593220339,1.0,0.0,0.0,0.0,0.0,0.0,0.0,0.0,0.0,0.0,0.125,1.0,1.0,0.25,1.0,0.0,0.9999999999999999,0.49999999999999994,1.0,0.0,1.0,0.0,1.0,0.0,0.0,0.0,1.0000000000000002,1.0,0.21171689287631315,0.7159090909090908,0.6073926073926075,0.15112540192926044,0.186404673393521,0.2180451127819549,0.5789473684210527
128,0.0,0.22353670215762492,0.0,0.3214285714285694,0.0,0.0,0.0,0.5,0.5,1.0,0.0,0.0,1.0,0.0,0.967741935483871,0.0,0.0,0.0,0.0,0.3446327683615819,0.7802197802197803,0.0,0.0,0.0,0.0,0.0,0.0,0.0,0.0,0.0,0.25,0.8888888888888888,1.0,0.25,1.0,0.0,0.9999999999999999,0.49999999999999994,1.0,0.0,0.0,0.25,1.0,0.0,0.0,0.0,1.0000000000000002,1.0,0.20703933747412004,0.3181818181818182,0.22177822177822182,0.43729903536977494,0.2889006903876792,0.18131041890440389,0.5394736842105263
129,0.0,0.34359754380034935,0.0,0.6428571428571459,1.0,0.0,0.0,0.5,0.5,0.5,0.0,0.0,1.0,0.0,0.967741935483871,0.0,0.0,0.0,0.0,0.4067796610169491,0.4175824175824176,0.0,0.0,0.0,0.0,0.0,0.0,0.0,0.0,0.0,0.125,1.0,1.0,1.0,1.0,1.0,0.9999999999999999,1.0,1.0,1.0,0.0,1.0,1.0,1.0,0.0,0.0,1.0000000000000002,1.0,0.05252664672954527,0.05681818181818182,0.35364635364635366,0.3408360128617363,0.05974508762612851,0.12588614393125672,0.6973684210526315
130,0.0,0.34359754380034935,0.0,0.6428571428571459,1.0,0.0,0.0,0.5,0.5,1.0,0.0,0.0,1.0,0.0,0.967741935483871,0.0,0.0,0.0,0.0,0.4067796610169491,0.4615384615384616,0.0,0.0,0.0,0.0,0.0,0.0,0.0,0.0,0.0,0.0,0.8888888888888888,1.0,0.25,1.0,0.0,0.9999999999999999,0.49999999999999994,1.0,0.0,0.0,0.25,1.0,0.0,0.0,0.0,1.0000000000000002,1.0,0.305728088336784,0.13636363636363638,0.35364635364635366,0.37942122186495175,0.4150292087095061,0.44167561761546725,0.3289473684210526
131,0.0,0.33413328826544986,0.0,0.5892857142857153,0.0,0.0,0.0,0.5,0.5,1.0,1.0,0.0,1.0,0.0,1.0,0.0,0.0,0.0,0.0,0.12994350282485873,0.5384615384615385,1.0,0.0,0.0,0.0,0.0,0.0,0.0,0.0,0.0,0.125,0.8888888888888888,1.0,0.25,1.0,0.0,0.9999999999999999,0.49999999999999994,1.0,0.0,0.0,0.25,1.0,0.0,0.0,1.0,1.0000000000000002,0.2222222222222222,0.259949390384173,0.19318181818181818,0.3306693306693307,0.28938906752411575,0.2928836962294211,0.30440386680988185,0.47368421052631576
132,0.0,0.3452199876063321,0.0,0.6607142857142847,1.0,0.0,0.0,0.5,0.5,1.0,0.0,0.0,1.0,0.0,1.0,0.0,0.0,0.0,0.0,0.4632768361581921,0.28571428571428575,0.0,0.0,0.0,0.0,0.0,0.0,0.0,0.0,0.0,1.0,0.1111111111111111,1.0,0.25,1.0,0.0,0.9999999999999999,0.49999999999999994,1.0,0.0,1.0,0.0,1.0,0.0,0.0,0.0,1.0000000000000002,1.0,0.1963039644199064,0.21590909090909094,0.8281718281718282,0.4694533762057878,0.19516728624535315,0.2784103114930183,1.0
133,0.0,0.0,0.0,0.5178571428571459,1.0,0.0,0.0,0.5,0.5,0.5,0.0,0.0,1.0,0.0,1.0,0.0,0.0,0.0,0.0,0.48587570621468923,0.7802197802197803,0.0,0.0,0.0,0.0,0.0,0.0,0.0,0.0,0.0,0.0,1.0,1.0,1.0,1.0,1.0,0.9999999999999999,1.0,1.0,1.0,0.0,1.0,1.0,1.0,0.0,0.0,1.0000000000000002,1.0,0.660455486542443,0.3181818181818182,0.4695304695304695,0.38263665594855306,0.5331917153478491,0.46229860365198705,0.14473684210526316
134,0.0,0.0,0.0,0.5178571428571459,1.0,0.0,0.0,0.5,0.5,1.0,0.0,0.0,1.0,0.0,1.0,0.0,0.0,0.0,0.0,0.5141242937853108,0.7252747252747254,0.0,0.0,0.0,0.0,0.0,0.0,0.0,0.0,0.0,1.0,0.2222222222222222,1.0,0.25,1.0,0.0,0.9999999999999999,0.49999999999999994,1.0,0.0,0.0,0.25,1.0,0.0,0.0,0.0,1.0000000000000002,1.0,0.15106203512000613,0.25,0.4695304695304695,0.46623794212218644,0.27827934147636746,0.2023630504833512,0.7368421052631579
135,0.0,0.22353670215762492,0.0,0.3214285714285694,0.0,0.0,0.0,0.0,0.5,1.0,0.0,1.0,1.0,0.0,0.967741935483871,0.0,0.0,0.0,0.0,0.1751412429378531,0.8351648351648353,0.0,0.0,0.0,0.0,0.0,0.0,0.0,0.0,0.0,1.0,0.2222222222222222,0.0,0.0,1.0,0.0,0.9999999999999999,0.49999999999999994,1.0,0.0,0.0,0.25,1.0,0.0,0.0,0.0,0.0,1.0,0.2697645886051683,1.0,0.22177822177822182,0.22186495176848875,0.13940520446096652,0.16541353383458648,0.763157894736842
136,0.0,0.27987155653202633,0.0,0.0,1.0,0.0,0.0,0.5,0.5,1.0,0.0,0.0,1.0,0.0,0.0,0.0,0.0,0.0,0.0,0.4011299435028248,0.8351648351648353,0.0,0.0,0.0,0.0,0.0,0.0,0.0,0.0,0.0,1.0,0.2222222222222222,1.0,0.25,1.0,0.0,0.9999999999999999,0.49999999999999994,1.0,0.0,0.0,0.25,1.0,0.0,0.0,0.0,1.0000000000000002,1.0,0.28678782301970707,0.5795454545454546,0.6073926073926075,0.27009646302250806,0.0,0.08614393125671321,0.7368421052631579
137,0.0,0.27987155653202633,0.0,0.1071428571428612,1.0,0.0,0.0,0.5,0.5,1.0,0.0,0.0,1.0,0.0,0.967741935483871,0.0,0.0,0.0,0.0,0.4350282485875706,0.7142857142857144,0.0,0.0,0.0,0.0,0.0,0.0,0.0,0.0,0.0,0.125,0.8888888888888888,1.0,0.25,1.0,0.0,0.9999999999999999,0.6666666666666667,1.0,0.0,0.0,0.25,1.0,0.0,0.0,0.0,1.0000000000000002,1.0,0.08603634690591211,0.3181818181818182,0.6073926073926075,0.2829581993569132,0.18321826872012745,0.1946294307196563,0.7368421052631579
138,0.0,0.3452199876063321,0.0,0.7142857142857153,1.0,0.0,0.0,0.5,0.5,1.0,0.0,0.0,1.0,0.0,0.967741935483871,0.0,0.0,0.0,0.0,0.8531073446327684,0.6813186813186815,0.0,0.0,0.0,0.0,0.0,0.0,0.0,0.0,0.0,0.125,0.1111111111111111,1.0,0.25,1.0,0.0,0.9999999999999999,0.6666666666666667,1.0,0.0,0.0,0.25,1.0,0.0,0.0,0.0,1.0000000000000002,1.0,0.10436316233417683,0.3863636363636364,0.8281718281718282,0.3247588424437299,0.16781731279872544,0.12610096670247045,0.5526315789473684
139,0.0,0.22353670215762492,0.0,0.3214285714285694,1.0,0.0,0.0,0.0,0.5,0.5,0.0,0.0,1.0,0.0,1.0,0.0,0.0,0.0,0.0,0.4180790960451977,0.6153846153846155,0.0,0.0,0.0,0.0,0.0,0.0,0.0,0.0,0.0,1.0,0.0,0.0,0.5,1.0,0.0,0.9999999999999999,0.6666666666666667,1.0,0.0,0.0,0.5,1.0,0.0,0.0,0.0,1.0000000000000002,1.0,0.13426884441377193,0.5113636363636365,0.22177822177822182,0.42765273311897106,0.08815719596388741,0.14586466165413534,0.5394736842105263
140,0.0,1.0,0.0,0.5,1.0,0.0,0.0,0.0,0.5,0.5,0.0,0.0,1.0,0.0,0.967741935483871,0.0,0.0,0.0,0.0,0.3785310734463277,0.6593406593406594,0.0,0.0,0.0,0.0,0.0,0.0,0.0,0.0,0.0,0.25,1.0,0.0,1.0,1.0,1.0,0.9999999999999999,1.0,1.0,1.0,0.0,1.0,1.0,1.0,0.0,0.0,1.0000000000000002,1.0,0.0803619354343992,0.0340909090909091,0.13886113886113882,0.4083601286173633,0.1372809346787042,0.7718582169709989,0.3157894736842105
141,0.0,0.3452199876063321,0.0,0.7142857142857153,1.0,0.0,0.0,0.5,0.5,0.5,0.0,0.0,1.0,0.0,0.967741935483871,0.0,0.0,0.0,0.0,0.5141242937853108,0.8131868131868133,0.0,0.0,0.0,0.0,0.0,0.0,0.0,0.0,0.0,0.25,1.0,1.0,1.0,1.0,1.0,0.9999999999999999,1.0,1.0,1.0,0.0,1.0,1.0,1.0,0.0,0.0,1.0000000000000002,1.0,0.39628862817268606,0.34090909090909094,0.8281718281718282,0.45016077170418006,0.4046733935209771,0.33404940923737914,0.75
142,0.0,0.27987155653202633,0.0,0.1071428571428612,1.0,0.0,0.0,0.5,0.5,0.5,0.0,0.0,1.0,0.0,1.0,0.0,0.0,0.0,0.0,0.8022598870056497,0.7472527472527474,0.0,0.0,0.0,0.0,0.0,0.0,0.0,0.0,0.0,0.25,1.0,1.0,1.0,1.0,1.0,0.9999999999999999,1.0,1.0,1.0,0.0,1.0,1.0,1.0,0.0,0.0,1.0000000000000002,1.0,0.13365539452495975,0.0,0.6073926073926075,0.46623794212218644,0.21667551779075941,0.1778732545649839,0.6842105263157894
